"flashcard_id","english_text","category","native_text","flagged"
"08fe66de-d99e-0fb0-3f8c-ca2440aa5a98","1","numbers","一","false"
"cc0c8a19-54c8-94aa-0a1f-11613a0649a9","10","numbers","十","false"
"98da8343-762c-e5c6-9e7f-26e28b364dee","100","numbers","一百","false"
"7ba14dee-0c98-7a9c-bd65-e5e3a14f5754","11","numbers","十一","false"
"f16b8560-7c8e-3a10-a418-f6507bf47d10","12","numbers","十二","false"
"301f6ccc-8067-eda5-7638-0f7dccc9ee06","13","numbers","十三","false"
"7b5dbf46-d3c9-73cb-58a9-2a588897c925","14","numbers","十四","false"
"1f81fc8c-99f0-6221-f6bb-7ec4e631d701","15","numbers","十五","false"
"a1c4cb6d-8f93-873c-1dd4-ac32e5a5e10c","16","numbers","十六","false"
"6140d374-15a1-d4f2-ba1b-d21e3a9195e7","17","numbers","十七","false"
"7730cb25-7b12-4fdd-6e9e-0701979cff5d","18","numbers","十八","false"
"bf59393a-8fb0-54e8-ade0-25e513442248","19","numbers","十九","false"
"76806ad5-6c9e-1f52-5d69-798910f84c78","2","numbers","二","false"
"998c5ed7-28d7-67a2-fc02-f4aa3b301dfc","20","numbers","二十","false"
"4431eda3-4d87-ce92-bba9-947b3c7c9c6b","21","numbers","二十一","false"
"472a0c5c-a3b1-ab71-d4f0-c4662febe18c","22","numbers","二十二","false"
"c65676fa-abde-8141-60b6-64b9e68d6801","23","numbers","二十三","false"
"511f1a83-a5cb-3492-53fc-54aad834e0b0","24","numbers","二十四","false"
"5dbb5c18-3037-aa8f-a6ad-86c3529efbf7","25","numbers","二十五","false"
"1f58dd07-b531-9cd1-f425-dffc98f4d91d","26","numbers","二十六","false"
"10c72075-db73-902b-578e-1cbd2d24ca35","27","numbers","二十七","false"
"9220a9d4-1fd3-f6f7-9609-abd98e99749a","28","numbers","二十八","false"
"d7ba1c30-4763-b01d-b89d-ac3ac33e19a6","29","numbers","二十九","false"
"17056c5f-e3f6-04a5-877d-7ff2e72a927f","3","numbers","三","false"
"4cf2f241-abe2-b14c-bd41-56efd7a90a50","30","numbers","三十","false"
"4047be94-f2f2-a259-507a-8953e8d49a77","31","numbers","三十一","false"
"3df4603e-8da9-4cb8-3b8d-b0058af6d0a2","32","numbers","三十二","false"
"f0981ddc-e227-0fe5-1a79-4250f929eca0","33","numbers","三十三","false"
"bb0bdf02-f91d-91a1-2dd1-57cada494550","34","numbers","三十四","false"
"b8428fbe-0b67-10b3-7f7a-b855b8d83b3d","35","numbers","三十五","false"
"a984d55d-6381-29b9-18cb-bc25677603be","36","numbers","三十六","false"
"14331a5b-03be-f6fa-c92b-cee5416402b9","37","numbers","三十七","false"
"6086355f-65d3-e2ff-c3db-1b41d30c76a4","38","numbers","三十八","false"
"745d90e0-4a6d-c1da-ccc1-b6fa4584bab9","39","numbers","三十九","false"
"2f018948-2e71-010b-ce9e-b7a7914d0387","4","numbers","四","false"
"dd7f0bea-8265-3eb6-d017-66c4a2ea5b7f","40","numbers","四十","false"
"5b2060b2-389d-6203-eca4-fcb97ff2105a","41","numbers","四十一","false"
"b8c2bc12-3a1b-8efa-f43f-f5fc0761cd56","42","numbers","四十二","false"
"957853b5-0547-8742-8de2-377b1d218a38","43","numbers","四十三","false"
"79c40bea-5b6c-8b05-f2b6-90d82b9d6033","44","numbers","四十四","false"
"caa22f65-4836-1f33-bdce-a8d1158d6f9b","45","numbers","四十五","false"
"e539fac4-79f7-7287-3f08-142b91814094","46","numbers","四十六","false"
"176ce1aa-cd88-3ea3-783a-2588d184c914","47","numbers","四十七","false"
"fe82dbb2-ab3b-0c24-2593-71d6c7e8a261","48","numbers","四十八","false"
"7844251a-a235-aee7-a497-518a1aa615ea","49","numbers","四十九","false"
"5a221a87-9160-7bda-41f8-18fce56377c3","5","numbers","五","false"
"5ac05be6-8571-250a-963f-713114e1b550","50","numbers","五十","false"
"07f81c54-321e-5c3f-a41e-58aa0e99e7a8","51","numbers","五十一","false"
"ffbd2298-b75b-99bd-03b3-b36c130d81f2","52","numbers","五十二","false"
"88afcc21-b514-4f40-7e9d-d6d97d98740e","53","numbers","五十三","false"
"d364d535-62e9-ca58-813c-dfaa141c2e41","54","numbers","五十四","false"
"1bc69802-b448-91f9-7e57-4c01ae65c9d4","55","numbers","五十五","false"
"e607f2fd-d61c-8395-b4c1-6e70bd92a4eb","56","numbers","五十六","false"
"f162cc23-482d-9f31-cf62-64f85b19080b","57","numbers","五十七","false"
"698324ca-fa69-bdf7-80b1-6e69a3bb030e","58","numbers","五十八","false"
"3ec1605a-aaaf-3ee3-4fd3-ed6ac8ed6194","59","numbers","五十九","false"
"f4330f4d-8bda-50a8-a018-1a81570791ab","6","numbers","六","false"
"3bca6edd-bd50-e264-a68e-89853d9c64b4","60","numbers","六十","false"
"f18c295c-f100-84cd-41af-57d00a751f4e","61","numbers","六十一","false"
"50170841-915d-b292-7288-f3ac56dbffc3","62","numbers","六十二","false"
"2f4243c0-bf2d-9345-0cf1-71335b1726d0","63","numbers","六十三","false"
"5cde7344-5aee-cfde-5ccb-efbdb6555c7d","64","numbers","六十四","false"
"6e5817c6-6e82-a147-96b2-202616ca61ce","65","numbers","六十五","false"
"2ad7cb21-3071-fa33-e203-fbbadbef3d5c","66","numbers","六十六","false"
"d1b3f5a7-afc8-0a2e-0ac2-b044a9b5c5a9","67","numbers","六十七","false"
"1fac61e8-7784-48cf-0f54-9ceb02a9e801","68","numbers","六十八","false"
"de2b8dab-854d-d600-8d1a-ebb80b94badf","69","numbers","六十九","false"
"c17ce59b-8268-025b-0a5b-5433e62b2656","7","numbers","七","false"
"9d6dce89-d2ad-1831-26bd-3de8af425c89","70","numbers","七十","false"
"786d76d8-8d21-3976-07d4-6bf87327bc4b","71","numbers","七十一","false"
"4eb44a16-081e-402e-75ad-d57326a1d654","72","numbers","七十二","false"
"ec44c877-da5b-939d-ec25-25a688bad191","73","numbers","七十三","false"
"7a7b9ada-a065-5dff-21ae-58edee913b7c","74","numbers","七十四","false"
"ce63ebb5-f2b3-7fb9-5e9d-8d6c5a9d9fe3","75","numbers","七十五","false"
"7fa79147-1bcf-d81d-fefb-339e87f8ce8e","76","numbers","七十六","false"
"f28fc6cc-d202-b1fe-89cf-1db4759d734d","77","numbers","七十七","false"
"c6ceb4ed-e278-81c1-2c82-315b835ad8c7","78","numbers","七十八","false"
"9b943441-cdf0-d5ba-a734-f09e84fd1524","79","numbers","七十九","false"
"b12af70f-0ad2-87e2-064e-68ff43841d1d","8","numbers","八","false"
"3601eb6d-385a-4a2b-bae0-ef7dbe15a016","80","numbers","八十","false"
"19f97cac-96c7-fd4b-4941-b89621296496","81","numbers","八十一","false"
"de50eebd-7439-9daf-e974-9d3b3b1b1906","82","numbers","八十二","false"
"5c206e83-c6ca-766e-4cd8-b8f6e66555b3","83","numbers","八十三","false"
"77bbd3a0-e8ae-937a-88d8-6176ccdb7ef6","84","numbers","八十四","false"
"34158c6a-fcae-e5f5-83df-e65ba53f88ab","85","numbers","八十五","false"
"260605f4-d195-ed41-5705-8ebdcc345383","86","numbers","八十六","false"
"29523d8e-313d-c906-4428-331fadcd9033","87","numbers","八十七","false"
"7f833629-327a-e263-bc8a-6c92171598e5","88","numbers","八十八","false"
"bac90707-62d2-e64d-0ca4-c6e30cab51b9","89","numbers","八十九","false"
"a22a1a91-c2cb-4648-4c1f-7d525e78c580","9","numbers","九","false"
"8d57f874-59ab-985f-eb33-f03b253615b6","90","numbers","九十","false"
"fc009403-e8aa-3f07-5a92-8c6da2ca86c2","91","numbers","九十一","false"
"20c84a9a-c9e4-86fd-88da-bf32089babe8","92","numbers","九十二","false"
"11f55d72-2758-0965-502e-610e00418dc3","93","numbers","九十三","false"
"b8b38189-6db9-48ab-0116-1f5345eed052","94","numbers","九十四","false"
"e24b3216-0ab3-83e9-bb59-aa917863f86b","95","numbers","九十五","false"
"3e3b5ae6-9908-96d1-a268-dbb4732fbb74","96","numbers","九十六","false"
"09e3e8e5-016d-3f96-3aa1-551f984f5385","97","numbers","九十七","false"
"2a55cb1f-7e3f-c52e-5ef0-144f8049d9d6","98","numbers","九十八","false"
"1814aa74-adcc-cfe9-ae61-3b7deb25c19b","99","numbers","九十九","false"
"a1ba9951-c5e8-9049-b587-88a8faf1d06f","Afternoon","time","下午","false"
"19351d6f-b369-43d1-be22-00a666b2b3d5","Afternoon","daily_life","下午","false"
"a2781012-b7e4-fab9-7007-dd2ecadd5221","Air conditioning","accommodation","空调","false"
"24bbe3ae-4e59-04ac-afaa-ab7422265930","Airport","transport","机场","false"
"a4d22c63-a015-df08-fb78-3108d5500c40","Allergy","emergency","过敏","false"
"ee0ead9b-369f-c7c8-30ba-6ba38a54240a","Ambulance","emergency","救护车","false"
"c4da8746-5a17-551c-cdfb-ab52146ce46f","Apple","fruit","苹果","false"
"1a6fefc7-76b1-7b24-04ed-f197ff1e1056","Apple","food","苹果","false"
"aa858b8f-2ad4-b4b0-2a12-d6d879a016e1","Appointment","time","预约","false"
"1ebbe788-8ef5-9c9b-2076-c3efa854f83a","Banana","food","香蕉","false"
"33ff866e-bdfe-c95e-6892-02a9df61eab7","Banana","fruit","香蕉","false"
"56e90058-c562-6adb-b119-5e4bddc08d48","Bathroom","accommodation","浴室","false"
"1d3279c6-7076-a5a6-252f-92dbea435043","Bed","accommodation","床","false"
"c20e2e1f-0a2c-b413-a3af-917e43e7d018","Beef","food","牛肉","false"
"391a6ac3-0fe7-ca44-c0ee-19ef67f334d2","Beer","drinks","啤酒","false"
"55c5c92c-d666-c3cb-20bc-d8e5ef341ec3","Bell pepper","vegetable","甜椒","false"
"91dfc1f1-e27c-c054-8882-43a873a8a441","Bill","shopping","账单","false"
"bd7e9022-42b7-9b2f-c32e-d283f4eeef61","Blueberry","fruit","蓝莓","false"
"46ca81ef-447b-1cec-058f-50b9df608539","Booking","accommodation","预订","false"
"81e3d24b-b30e-2e08-2cc2-c62c43f560c7","Boss","work","老板","false"
"0d507e5c-0c44-be73-6cb1-c1ca54f95e68","Bowl","tableware","碗","false"
"130decc7-c7fd-72f9-a904-b708cda04bee","Boyfriend","social","男朋友","false"
"75eb3455-83ad-f6f7-a5d5-06aa508e06ad","Bread","food","面包","false"
"585f3e87-977b-b52e-4b9c-38f65f3b2034","Broccoli","food","西兰花","false"
"5b522de9-adad-0bde-08ab-9d620e359f36","Broccoli","vegetable","西兰花","false"
"77322dab-b45c-0adc-fc9c-889e914571e4","Bus","transport","公共汽车","false"
"35e1de0c-f1ae-3209-6995-e022210f3ff1","Butter","food","黄油","false"
"fc56efe9-266c-2cb9-cfa5-c7ea3eab685e","Buy","shopping","买","false"
"f5e3e35a-e0e7-7603-c3f4-2f064c7a07c6","Cabbage","vegetable","卷心菜","false"
"aae99770-a6d0-9061-5b4c-8b3f16479f5c","Call","social","打电话","false"
"29ed3d27-ad64-d8fa-d85f-2481c3090589","Call","emergency","打电话","false"
"1720e3df-3084-d564-4c80-c911de527e26","Call a doctor","emergency","叫医生","false"
"ef26a5d2-ff21-bed8-b560-ac41d2e49bd1","Call the police","emergency","报警","false"
"2475350a-7e80-5a10-1c8f-13417e345e39","Can I have the menu?","restaurant","请给我看一下菜单","false"
"a4992579-98f6-0b24-1979-0a1bd75bb664","Can you help me?","requesting help","你能帮助我吗？","false"
"8021074f-67a5-2b6f-45d1-e8edbaacb715","Card","shopping","卡","false"
"ba77a1ae-43e5-c07d-dfd9-b2d7206e8fb4","Carrot","vegetable","胡萝卜","false"
"5eadac83-58eb-1c64-b373-6afa1caf1d2f","Cash","shopping","现金","false"
"95a4e1db-f38c-7a94-a989-70510edbf107","Change","shopping","零钱","false"
"a16823f0-ed3a-b245-5be7-4d48cf2bb6f1","Cheap","shopping","便宜","false"
"23c593eb-ed5e-0234-1e67-c247e3b3091f","Check-in","accommodation","入住","false"
"30e682d4-8255-95b8-80ff-47cba77ef4f3","Check-out","accommodation","退房","false"
"ef3d0769-13b5-6852-66e2-62c5c3ba67f5","Cherry","fruit","樱桃","false"
"5301aa82-68b4-e38c-b13d-e1e82e2512fd","Chicken","food","鸡肉","false"
"fe443e07-749b-2350-eeaa-3e6d5d38477f","Chili pepper","vegetable","辣椒","false"
"75e0d11e-e8c0-52d5-a9d4-df08aabbb9c2","Chopsticks","tableware","筷子","false"
"ae0d14c9-45bf-72ea-0efe-761713702ef6","Client","work","客户","false"
"b2030b8e-7360-44c2-a234-189b9e7beba5","Clinic","emergency","诊所","false"
"21ba6379-a6d4-62ce-43c5-f8c4185ff491","Clock","time","钟","false"
"5fa8f070-8ceb-d13d-5437-64e3aaca379c","Clothes","daily_life","衣服","false"
"6f43d054-87ae-196d-9b16-2e02a86ba92e","Coconut","fruit","椰子","false"
"6e71ab6a-0f73-ce2c-70a0-c0ef74facd67","Coffee","drinks","咖啡","false"
"bb3cfb06-d8e8-21e1-7c68-0b2b832fd858","Coin","shopping","硬币","false"
"0e45ba25-89c6-fea0-413a-05b231bc2bcc","Company","work","公司","false"
"105858f9-774b-6baa-3dde-0d7f8757335a","Contract","work","合同","false"
"33a08a26-64da-b14a-5bf4-e8b9f2e976f5","Conversation","social","对话","false"
"323090a3-e3d9-90ff-cd29-97e341828ddb","Corn","vegetable","玉米","false"
"d4fdf1f0-4bab-ccb6-2dfe-e2d2a8b43589","Cost","shopping","费用","false"
"15b7bf0e-91f1-1284-dcfb-d2a988705c6d","Cucumber","vegetable","黄瓜","false"
"7cae74ac-2ea6-5a2c-da63-d6865eb99c6b","Cup","tableware","杯子","false"
"575f7c74-500c-a568-ae77-b3b491919487","Dance","social","跳舞","false"
"ab784f50-d1ab-87a0-0654-736fcd6f9524","Danger","emergency","危险","false"
"b8066faf-8ac9-1b19-19d5-26f2445bfcca","Date","time","日期","false"
"c5952d0e-7984-5447-ed20-b3ba567223fc","Date","social","约会","false"
"be3523b5-fd15-f760-6bb2-f88994ac9452","Day","daily_life","天","false"
"d65bdba0-0b37-4985-d0a2-62834355e292","Deadline","work","截止日期","false"
"c610c1f7-de1d-0a76-a5a1-e05d293f8c3c","Discount","shopping","折扣","false"
"92b12414-b33f-3f8e-8047-4606a93694d3","Do you live here?","small_talk","你住在这里吗？","false"
"31da7d1f-b060-508d-4d9d-478066e17965","Do you speak English?","language help","你会说英语吗？","false"
"7363d4d3-6251-4e7a-ade0-d2a37267cf55","Doctor","emergency","医生","false"
"c31ad50b-2e56-22c8-c493-389853fd1b02","Door","daily_life","门","false"
"33315e01-b147-0e4b-1f26-0a7370c42130","Dragon fruit","fruit","火龙果","false"
"55bcf44f-28ca-356b-504d-2ed5e702adb0","Drink","social","喝","false"
"c40f4105-b874-0e5e-bad6-6455d5232bab","Driver","transport","司机","false"
"73c3ac01-c5d1-0f67-61a0-37519298b061","Early","time","早","false"
"8cc03ee2-011e-959e-d79c-611d0cb805b7","Egg","food","鸡蛋","false"
"d21e9955-f444-e644-f3fc-ce9ddd23dbe8","Eggplant","vegetable","茄子","false"
"24fd3c0e-9417-afe0-b414-6cb3efba0220","eight","numbers","八","false"
"f964419d-3b55-e986-f1f1-d1b736721e00","eight","numbers","八","false"
"c6dc15ee-cc0c-1af6-d170-e71ad70e1432","eighteen","numbers","十八","false"
"3b5478e1-a1b1-e396-6cba-8b8a33ec9d42","eighteen","numbers","十八","false"
"3d99c6c0-6d0d-b3dc-23d0-fb052d2124d3","eighty","numbers","八十","false"
"c9d22045-c946-d4a1-2bb5-1f29af169421","eighty","numbers","八十","false"
"595a65ef-840b-08bc-9ecb-ae8f611c8ac5","eighty eight","numbers","八十八","false"
"2b0abd1f-4519-960e-6bf5-56235d356a43","eighty eight","numbers","八十八","false"
"5f9af6e6-a516-6e5d-f558-3507a821ea24","eighty five","numbers","八十五","false"
"bd93fbf2-9636-a194-75d3-a1315a6fbeb4","eighty five","numbers","八十五","false"
"9cfff3ad-f8b7-ef9d-a518-482e3f414c90","eighty four","numbers","八十四","false"
"a7c55f53-de35-72bb-6281-b2e6eaf27435","eighty four","numbers","八十四","false"
"4572162a-d3ef-52e5-1907-d101dcf071b0","eighty nine","numbers","八十九","false"
"aaed0c98-1d2b-c4af-60df-d5255ce7b1b1","eighty nine","numbers","八十九","false"
"ac1f5fba-2ed2-e70d-9291-71937d11ff84","eighty one","numbers","八十一","false"
"8d15419e-6e6a-2b49-37ed-fb9ba5d8dfa6","eighty one","numbers","八十一","false"
"b2405a98-41dd-dec7-00e0-45384f1a6cf6","eighty seven","numbers","八十七","false"
"096baa2c-44d7-5cb7-c2cf-a476450b414d","eighty seven","numbers","八十七","false"
"7e06395f-d929-9970-4f12-68f1f9b531a6","eighty six","numbers","八十六","false"
"70ac49d2-95fd-d9bc-9552-59fb76efbb59","eighty six","numbers","八十六","false"
"f7f8cc5e-04b7-3579-8a42-f4070b976ca4","eighty three","numbers","八十三","false"
"69cb9f00-a6b2-bf5f-5038-19c9cea4abd2","eighty three","numbers","八十三","false"
"3755a64a-c191-02e9-28ce-17a88758c32f","eighty two","numbers","八十二","false"
"e1b4dade-57e2-5e00-87e9-47101904b90b","eighty two","numbers","八十二","false"
"ee334178-cb4a-b110-fc3e-fc87c1f77752","Elevator","accommodation","电梯","false"
"f722fc68-122b-c14e-5b23-fb43148f693f","eleven","numbers","十一","false"
"bc111919-757e-3372-a609-4506d5204820","eleven","numbers","十一","false"
"2a3ae650-5573-82db-e2cc-c82dc9960ef2","Email","work","电子邮件","false"
"0d3f4a97-718d-316f-d871-b71389d557a1","Emergency","emergency","紧急情况","false"
"86b03fa4-078d-b8a6-1caa-2fa7c1bdbce5","Employee","work","员工","false"
"de450456-f8fe-b68a-17d2-bfb72856fda3","Evening","time","傍晚","false"
"1939a1aa-1f4a-a8be-39fd-28540483e9b2","Evening","daily_life","傍晚","false"
"d5b195ec-0940-92c9-9805-322569ff2670","Excuse me","getting attention / polite interruption","打扰一下","false"
"154982c8-24c0-db7e-b321-4ba8436fcfa7","Expensive","shopping","贵","false"
"a8051a09-9272-c2f6-0c9f-723e3e7cd8b2","Experience","work","经验","false"
"1fee83c7-99f6-e825-2483-fcd463cff902","Far","transport","远","false"
"8190cec7-ace5-8dcf-7bab-d18dbecc039e","Fever","emergency","发烧","false"
"1b157d15-af7b-cef5-38d6-f77c939ba395","fifteen","numbers","十五","false"
"596da551-aae8-01e9-bff9-768c991fb4d9","fifteen","numbers","十五","false"
"563e4fe5-edf0-b7d3-53e1-d05f7d6bac04","fifty","numbers","五十","false"
"a3e0a591-b3f8-4406-2c5a-c3d17f5f4560","fifty","numbers","五十","false"
"e698ed25-fbf9-c0b1-70b5-8bcd4d68342d","fifty eight","numbers","五十八","false"
"ea645519-8f4f-58d7-5f98-84686b139a3f","fifty eight","numbers","五十八","false"
"e872f854-f98c-0385-1050-8cbea0faa9db","fifty five","numbers","五十五","false"
"bdfcd1d1-f888-a232-7fa9-dd0ec3e53ccf","fifty five","numbers","五十五","false"
"b210fd12-8159-2ee2-1ab3-2199485ff957","fifty four","numbers","五十四","false"
"1e424b50-2b12-32fd-e772-6c80374d020d","fifty four","numbers","五十四","false"
"e765f4fe-5f65-6b31-3443-f46091a25b6b","fifty nine","numbers","五十九","false"
"606525c7-b971-d2a2-fb08-daa4ae664b7a","fifty nine","numbers","五十九","false"
"573098b3-058d-8240-7b62-7eccd6e6a473","fifty one","numbers","五十一","false"
"e44a3f0c-8950-e175-8b08-8a94d819b705","fifty one","numbers","五十一","false"
"d60ba978-4782-3125-9f71-07f7710e46e2","fifty seven","numbers","五十七","false"
"e4eda1ae-ef51-b560-b924-245e5995ac03","fifty seven","numbers","五十七","false"
"06da4594-e487-9304-11ee-436b934e029f","fifty six","numbers","五十六","false"
"a2371c48-9175-35dc-9f6c-901052ec28a8","fifty six","numbers","五十六","false"
"62b51daf-1ec7-56a2-e137-01778ec83ccb","fifty three","numbers","五十三","false"
"0c40db3b-a2d5-6176-251b-29a014081c88","fifty three","numbers","五十三","false"
"6faa188b-fe8c-4499-3b34-5d7f51c101e3","fifty two","numbers","五十二","false"
"8b9602e7-9d59-0720-aa11-24359da32d15","fifty two","numbers","五十二","false"
"9f4a673e-bd0f-3819-1853-52d5dcd7f9c8","Fish","food","鱼","false"
"92257af5-8942-09a4-6e92-9461dc008799","five","numbers","五","false"
"da77c828-fe3c-8a6a-a842-6469449f64f7","five","numbers","五","false"
"c171604c-db39-bc78-b8ea-3720581650b9","Food","daily_life","食物","false"
"e34e9594-bce2-8606-beab-46d5d6eb2a37","Fork","tableware","叉子","false"
"75defd30-7abd-7972-bf36-f7da8d02bc3d","forty","numbers","四十","false"
"85e21acf-f97a-14f8-7c8c-6e03f085d0a1","forty","numbers","四十","false"
"4835efb3-b52c-9af1-8783-97daf521ba35","forty eight","numbers","四十八","false"
"8dd353b5-c4cd-6a4e-e344-474ff975a45b","forty eight","numbers","四十八","false"
"281eb3e0-cf3c-0128-e8c4-952e2b66ad17","forty five","numbers","四十五","false"
"bc390658-f505-b0d8-fd60-7725bfe77468","forty five","numbers","四十五","false"
"bb882c9d-9131-2e90-2e5f-50d3aeb96b63","forty four","numbers","四十四","false"
"e48347b7-bcb6-f81d-3311-0a1b45a8e1a1","forty four","numbers","四十四","false"
"03643b34-dc62-4816-a7d2-ec3cbb4c1484","forty nine","numbers","四十九","false"
"706dcd12-9866-18e3-b729-0cb1a14a4ee2","forty nine","numbers","四十九","false"
"c8adbaec-ad41-22ce-35fc-76173f662d3c","forty one","numbers","四十一","false"
"df5a03bb-5053-529a-31ed-a2ebc62f3faa","forty one","numbers","四十一","false"
"a3b28e2a-09b3-e814-8d50-60171eb53635","forty seven","numbers","四十七","false"
"4f8d44a1-679a-7ebb-ad5d-6c2127b5075e","forty seven","numbers","四十七","false"
"4457286c-8242-dcdd-b7f8-9c5c367c86f9","forty six","numbers","四十六","false"
"bd556d86-5252-1573-dc36-c566ad76e946","forty six","numbers","四十六","false"
"a3500ada-0ad6-ad7e-ca85-949aed009bb5","forty three","numbers","四十三","false"
"ce730a10-a1ac-c20a-3840-cb755003940c","forty three","numbers","四十三","false"
"7b689172-cde4-2558-1af8-402fcd7160f1","forty two","numbers","四十二","false"
"75e83586-30f4-78cb-6b8f-825504af34c0","forty two","numbers","四十二","false"
"feed53e4-18f3-5e2b-0814-d2d43b02ed6f","four","numbers","四","false"
"44c1d615-f788-c48d-2291-daa2b223a76b","four","numbers","四","false"
"27fd2f17-aa83-c5b6-851e-5385b562f251","fourteen","numbers","十四","false"
"58b34a83-5db1-fc0f-4e52-8df4f0c131ec","fourteen","numbers","十四","false"
"94abf3ea-8941-477f-02a2-625752967dc1","Friend","social","朋友","false"
"793559ac-3165-f343-682d-9a6023c5c240","Fruit","food","水果","false"
"91305405-1e60-a781-4221-17ef04b4fafe","Garlic","vegetable","大蒜","false"
"9bdcdc84-62fc-ee46-f637-5f545d786eac","Girlfriend","social","女朋友","false"
"bc677350-db96-21b6-ea46-553f0370c4c3","Glass","tableware","玻璃杯","false"
"a5498de1-9ac0-9c96-fea2-9173d0433612","Good afternoon","greetings","下午好","false"
"b106c98e-48f2-93e3-978d-b243c92569b2","Good evening","greetings","晚上好","false"
"d86418c4-973f-c120-03a3-601e9dd14006","Good morning","greetings","早上好","false"
"f5fb6129-7193-1363-b9f1-ffe6f5c477b7","Goodbye","farewells","再见","false"
"2c590744-1ce6-a120-070f-faa3e458e5d4","Goodbye","farewell","再见","false"
"c3940406-8e5c-8884-0d60-1266fe9f5d4f","Grapes","fruit","葡萄","false"
"a51d7262-b4e6-f50e-491e-3835ae13f85e","Green beans","vegetable","四季豆","false"
"9aea6dfe-ca4d-7531-70dd-693fd76198b1","Guava","fruit","番石榴","false"
"99de20fb-f4e5-3de7-7e25-2fbbb41e87fd","Guest","accommodation","客人","false"
"ee42d5cc-77af-1931-85b0-210ef9cb352f","Hang out","social","出去玩","false"
"d5abcda5-9a6b-f90d-f245-d5425d2ca29b","Have a nice day","farewells","祝你有美好的一天","false"
"d7312eb3-cc93-6edf-ccc6-3f6d1a4cfc69","Headache","emergency","头痛","false"
"8b008a59-0c93-c179-5c60-312337b762d9","Hello","greeting","你好","false"
"a52d6647-8e83-229d-aae9-f13f7a6a83ac","Hello","greetings","你好","false"
"ee3d01ec-d75d-760a-ba46-26b2614abf11","Help","emergency","帮助","false"
"007fa9c8-3da2-bfe5-5b94-d8fb3dd43f58","Here","transport","这里","false"
"2aab37f6-6a21-fc69-8315-ac03b132004f","Hi","greetings","嗨","false"
"707adb5e-5197-11fc-1e4f-0c02b4ea61bf","Hobby","social","爱好","false"
"55d32283-4c3f-d030-2dc8-8d50891de29e","Home","daily_life","家","false"
"c61a3c5f-b911-fa67-657b-832e286e9fe1","Hospital","emergency","医院","false"
"82f38cb1-0d88-060a-d5d7-edb636614b77","Hostel","accommodation","青年旅舍","false"
"69ae8360-fa0f-c1d4-40d6-2be472738474","Hotel","accommodation","酒店","false"
"ceb25dec-2fef-df98-cc4e-563ea6529b1c","Hour","time","小时","false"
"9bc72ad4-ce84-9bba-1647-1569bc76ea48","House","daily_life","房子","false"
"523bd40d-58a3-ec7c-0d25-326ee1a9e291","How are you?","small_talk","你好吗？","false"
"6ea92d70-dfdd-d2b6-3dfb-7e6092935b93","How do I get there?","directions","怎么去那里？","false"
"49facc63-d013-5ff9-1c88-e952969ce940","How much is this?","shopping","这个多少钱？","false"
"e987ab38-a04a-7626-2700-2ba237ff9e49","How old are you?","small_talk","你多大了？","false"
"8e6f398b-e373-8db5-f617-ef6b9d3fc547","I am ___ years old","small_talk","我___岁","false"
"83254e7f-3763-9496-a751-9b7bc28c1c6f","I am lost","emergency / direction","我迷路了","false"
"5cee6f6a-8dba-bec4-aad5-c7a08d6b6acd","I do not understand","communication difficulty","我不明白","false"
"a8f0b954-e6aa-262c-4085-49172021549b","I need help","urgent request","我需要帮助","false"
"0e06e205-6be8-4f8f-7ff7-b36a6c05e37c","I work as a ___","small_talk","我是___","false"
"057faf2f-6712-e5d5-e8c5-f341d5a8f4ab","I would like this","ordering","我要这个","false"
"ad219641-b30b-5b3e-f84b-5c4c28e59b3c","I'm fine, thank you","small_talk","我很好，谢谢","false"
"adb25cb3-f88c-4552-d717-98b13a51de2f","I'm from Canada","small_talk","我来自加拿大","false"
"a367525c-0f5f-28a2-434e-fda99576ab94","I'm good","small_talk","我很好","false"
"2188cfa8-49de-f717-1c85-bf38689855a3","I'm just visiting","small_talk","我只是来旅游的","false"
"181d5d77-50c1-6625-0f4b-d8c3ed66a501","Injury","emergency","受伤","false"
"1f7dfd8e-cf40-eeac-677e-42281ef6444d","Insurance","emergency","保险","false"
"97e062b0-502c-4433-0f54-7ac62e8fad62","Interview","work","面试","false"
"2d8ce3cb-f85d-6911-f4a3-8e6651b339aa","Invite","social","邀请","false"
"b41f46fa-597c-2bbf-072c-d7f47ea210b6","Is there Wi-Fi?","connectivity","有Wi-Fi吗？","false"
"eb764896-db46-ae18-8b9a-816db7a07cf8","Is this spicy?","food","这个辣吗？","false"
"9ef35599-d4f9-6d90-9b60-dded7b913842","Jam","food","果酱","false"
"9901d456-62ec-3fe3-70de-d20135abd317","Job","work","工作","false"
"37734343-3c7e-21a1-dd1a-bb93387b7a3f","Juice","drinks","果汁","false"
"98d78954-4e9a-b2c2-4b09-fe800af18d4d","Key","accommodation","钥匙","false"
"009efecf-7e22-9fad-d739-d3766d43deaf","Kiwi","fruit","奇异果","false"
"372c60e7-0dd8-52e2-0740-94415adeb5cc","Knife","tableware","刀","false"
"c8e19706-d48d-1b49-f806-640138e2a580","Late","time","晚","false"
"e93e941f-bf15-c500-476d-3d37e88294df","Later","time","稍后","false"
"767a4339-42f7-1f5f-aabc-bd78424e97d7","Laugh","social","笑","false"
"c970dcba-aa5f-ab40-d47d-c058d1a6ccbe","Left","transport","左","false"
"b6b126fd-ed8e-2db4-a5c2-010be493c838","Lemon","fruit","柠檬","false"
"3a8bd636-9455-35bb-f515-a1eb93c03bd4","Lettuce","vegetable","生菜","false"
"fddcb010-b7e8-21a9-7303-2d3b206dbfcf","Like","social","喜欢","false"
"cba50e9c-5b71-e671-ab17-b388bb8f2b6f","Lime","fruit","青柠","false"
"8cc9732b-ef3d-ceae-49ff-1129a2949181","Lobby","accommodation","大厅","false"
"f74ed743-7ffa-d6e0-0853-ae59e3c70917","Love","social","爱","false"
"2d944c83-3d80-6a05-cc8d-4802d361bff5","Manager","work","经理","false"
"dc0eab53-04ae-9dcd-a7e4-c6d0572dad8b","Mango","food","芒果","false"
"1f721bc7-a7fe-6e43-32fe-4e24df877f37","Mango","fruit","芒果","false"
"beb8424e-f932-7975-eb53-da1a6a7e0f2f","Map","transport","地图","false"
"1baa4b91-5223-8cb6-e054-f6699f0c21fe","Market","shopping","市场","false"
"79a94c98-4193-798d-9367-a63bf3c9a679","Medicine","emergency","药","false"
"91ed7f73-7918-8665-b7d8-35c42e51e81f","Meet","social","见面","false"
"6dc92edf-977a-cebb-a9d9-678aa37c0cee","Meeting","work","会议","false"
"961f7497-a7ac-341b-3e03-eddb1d33bd8b","Message","social","信息","false"
"16049529-8145-dca8-8299-2e0a96e18000","Milk","drinks","牛奶","false"
"a7172da5-1e06-31f4-afb3-c8225ebb6fc8","Minute","time","分钟","false"
"2d6747cd-a275-c9a2-a00d-f0d73bad5e9d","Money","shopping","钱","false"
"7fd2cb31-ef7a-dc90-77f1-66d3f9a41924","Morning","time","早上","false"
"13e4b0bf-1793-6380-3653-e71b7a8356a8","Morning","daily_life","早上","false"
"b0b0cb71-6660-c720-9360-354984502ac1","Mushroom","vegetable","蘑菇","false"
"57dcd398-1621-a46c-0759-7404f91af31f","Music","social","音乐","false"
"a76362bd-b03b-aa56-29cc-e16d22076e2c","My name is...","introductions","我叫...","false"
"e5ffa00c-e9db-eb54-a37a-d6783c76c7be","Napkin","tableware","餐巾纸","false"
"8e3e977d-b764-04c6-8b2b-3d853f60997c","Near","transport","近","false"
"6829256f-5fd7-80c6-b3b3-a435e8eaf5bd","Nice to meet you","introductions","很高兴认识你","false"
"83f30b6a-2ae5-4da8-8bdc-483034e53669","Night","daily_life","晚上","false"
"bc0fec47-a20f-caa1-0234-4e8f0c0aec43","Night","time","晚上","false"
"2e4d25ab-3ee6-8fb7-40c8-f16d6f2b4ef7","nine","numbers","九","false"
"7084a32c-e267-c1e3-7048-b5f5c0e4c2aa","nine","numbers","九","false"
"1c6edaf1-4295-15c7-6b5f-cf3a83f10107","nineteen","numbers","十九","false"
"71fe751a-e786-fa4a-0732-d3019729bfa6","nineteen","numbers","十九","false"
"e477268e-e11f-5908-1e09-7953221e046b","ninety","numbers","九十","false"
"61e342ee-dd23-c4d5-e38e-39c881978dcd","ninety","numbers","九十","false"
"50e17936-47bd-bcfb-afbc-a61159911a3d","ninety eight","numbers","九十八","false"
"3602e4ae-c9ef-0b53-e43e-fb9754ed97e4","ninety eight","numbers","九十八","false"
"d4a47372-a068-3a67-dd41-4d3fc6edb816","ninety five","numbers","九十五","false"
"a003443c-a554-e951-f4cd-45b54fced2ec","ninety five","numbers","九十五","false"
"dfb364b1-348e-64ba-bdd6-49fc3b118664","ninety four","numbers","九十四","false"
"356c5ad9-7ebb-9a87-3e57-1ec06afc6e02","ninety four","numbers","九十四","false"
"55148e41-75b3-e9b2-750b-1f444c3abdf4","ninety nine","numbers","九十九","false"
"8e9e6f7d-1536-8b62-3ba0-1e24c33a6a22","ninety nine","numbers","九十九","false"
"4fbf8206-4326-373b-d39b-b5efb4f932dd","ninety one","numbers","九十一","false"
"b513f793-be5d-9f7c-2e58-fa0bfb01ce0e","ninety one","numbers","九十一","false"
"e7cf33f1-1cdf-d404-ff89-6606960975c1","ninety seven","numbers","九十七","false"
"ecd74ad2-5854-9156-4ede-b854e0c14604","ninety seven","numbers","九十七","false"
"544776e7-0354-87a9-c1ea-3dc384ef3c85","ninety six","numbers","九十六","false"
"ef61a5e4-f4a7-95a0-899c-47a76362d754","ninety six","numbers","九十六","false"
"c0e36383-491d-cb54-2035-c3e256355e90","ninety three","numbers","九十三","false"
"06ede204-3290-1362-f25a-670920c18f04","ninety three","numbers","九十三","false"
"d9e2443f-7cf2-c66f-f5c8-50ff41e54297","ninety two","numbers","九十二","false"
"e4f02800-141f-211f-9744-6b83f9308334","ninety two","numbers","九十二","false"
"cab35bd2-d89b-d11a-ef4b-1a4f122ef515","No","basic response","不","false"
"33619143-ec98-b0b3-6973-ed9d996030ec","No spicy","food preference","不要辣","false"
"49ad4ab2-3357-108b-45eb-be971747f0e6","Noodles","food","面条","false"
"670d6f6c-97f6-9d30-9405-547a5ae3660d","Now","time","现在","false"
"7fc69139-7f72-d4db-8806-26d0867d2c51","Office","work","办公室","false"
"96258c09-f557-0f5b-e663-95d817d6dd29","one","numbers","一","false"
"9b9e5e2a-9f14-25b3-d0e9-7995cfcdedb2","one","numbers","一","false"
"37dfd990-0bc6-440c-16bf-7c260427c63e","one hundred","numbers","一百","false"
"fbfa22dc-595f-7fc6-4111-8861108e56b4","one hundred","numbers","一百","false"
"1e4cafd5-7c71-5672-825b-8db68cbbd606","One ticket, please","transportation","请给我一张票","false"
"265a054c-8c54-ef4f-abcc-483802020bd9","Onion","vegetable","洋葱","false"
"5b77a45c-513b-b1b8-3408-90e9a5b667bd","Orange","fruit","橙子","false"
"7e25dc1e-038d-f6e1-6135-364f9880e9f2","Pain","emergency","疼痛","false"
"87368541-653f-a957-8325-b2883a7f9700","Papaya","fruit","木瓜","false"
"bb7772cc-0841-98b1-b9b6-647d91f9dc1f","Party","social","派对","false"
"1c45ce67-b4a4-881a-c6b0-6a6e1f5655bb","Passion fruit","fruit","百香果","false"
"d4acdebb-57cc-e8bc-ab3e-b41f783f6828","Pay","shopping","付款","false"
"91c523d1-58d0-32fb-279b-58acd5006603","Pea","food","豌豆","false"
"7d3a11c1-5bbc-f5c0-a32c-9e1a61e6728e","Peach","fruit","桃子","false"
"4e919f5e-59d3-146d-8a0a-29fadfb87a77","Peanuts","food","花生","false"
"8c02d0c3-e240-ab8b-f7de-4b61faadd5d5","Pear","fruit","梨","false"
"002bd14b-01e3-5bde-ea65-65964b72f2a7","Peas","vegetable","豌豆","false"
"0aef3293-dca4-0911-54b9-737a091f7d81","Pharmacy","emergency","药店","false"
"ec41e821-2d43-1637-394d-50a0ca37db95","Phone","daily_life","手机","false"
"4cf5fcea-f1af-0f69-6bbf-3834c98ad92b","Pineapple","fruit","菠萝","false"
"740365ab-a3c7-ad3f-e569-994cb587211f","Plate","tableware","盘子","false"
"54cff774-109f-5e4c-57d5-4e996175f598","Please","politeness","请","false"
"6ceefc6b-f827-8fe2-ed9a-bd1fbb018687","Police","emergency","警察","false"
"9ac18d71-f1c4-c02a-ea07-ff9b52d8a7c7","Pork","food","猪肉","false"
"4929f5c2-0631-9620-716b-d0b103e66ac9","Potato","vegetable","土豆","false"
"1fc64199-1abb-a5eb-1dba-5bba50105d8b","Potato","food","土豆","false"
"87d78bbd-b2af-746b-faea-2a3662338352","Price","shopping","价格","false"
"24eb51ac-b862-2da2-3df7-83c443daa8bb","Project","work","项目","false"
"e2fea7eb-15fe-e9b5-9afb-a69167727f21","Promotion","work","晋升","false"
"05526faa-45bd-0ea3-3cdb-4972d377f51a","Pumpkin","vegetable","南瓜","false"
"32a118ae-1281-d12d-7a26-48f2e7f2c4f8","Receipt","shopping","收据","false"
"8a9ed585-cb1c-a50c-f57a-b4942c81fd09","Reception","accommodation","前台","false"
"b0784134-857d-3e5f-1d42-5149ec2a5084","Relationship","social","关系","false"
"1206d290-9cac-8540-5193-2779faf19e63","Reservation","accommodation","预约","false"
"d39b1eb4-1306-4ff1-34a6-853a77c05850","Resume","work","简历","false"
"b097719e-3d1c-12d5-5506-7970a85e533d","Rice","food","米饭","false"
"2bf755b5-bba9-3a9d-a2d8-589cd1323777","Ride","transport","乘坐","false"
"14ed3d0b-3f31-2f4d-ddf5-8a703b7053d0","Right","transport","右","false"
"389e0ad4-1ed6-50ec-d6aa-26e99db98be7","Road","transport","路","false"
"6a3619e5-5f1b-d9c4-fbb9-1f714c56abba","Room","accommodation","房间","false"
"a21ca64b-6d47-db93-7a85-875d9948d2d3","Room","daily_life","房间","false"
"6a3c84b1-4519-fa56-9240-12932a8c162f","Safe","emergency","安全","false"
"0f9b2c99-1b7e-dc6a-b76a-f78c120eb78e","Salad","food","沙拉","false"
"c44ce39d-b11e-b4b9-7b6e-402d02376556","Salary","work","薪水","false"
"b8a6dbf9-b0a6-84c8-c7ad-e5c4f34249f6","Sale","shopping","特卖","false"
"b0e606c7-ecc3-13cd-5724-a9f54c444651","Schedule","time","日程","false"
"c07cb7f5-78c7-080d-3157-5d536cc75dcf","Second","time","秒","false"
"60c29fb7-82f3-8446-e13a-386c96c4bcfb","See you later","farewells","再见","false"
"21eb09c2-7656-e445-f10c-5177dafbfb2d","See you tomorrow","farewells","明天见","false"
"58940000-74bf-a879-afe3-a40753a640c1","Sell","shopping","卖","false"
"ceffd830-8073-1b40-28f9-ed7b44fb170c","Serving spoon","tableware","汤勺","false"
"2f5a8e21-ed2f-ada6-ba4b-aef623cb9296","seven","numbers","七","false"
"c4f75832-00f4-1c51-726d-8741aacee43d","seven","numbers","七","false"
"bb5ccbae-2cd4-e966-200c-6446e28ab364","seventeen","numbers","十七","false"
"d6a1c277-972e-b28d-878f-54967f2703b6","seventeen","numbers","十七","false"
"519a6e5e-f518-ab61-4ace-be14e341585e","seventy","numbers","七十","false"
"38f30472-8a89-38b4-9d3b-a2d202b3a58d","seventy","numbers","七十","false"
"76bff986-9a15-ae6d-8465-e915ddecfabc","seventy eight","numbers","七十八","false"
"c2de7bdd-a7bc-3726-598d-256a15e3576d","seventy eight","numbers","七十八","false"
"7fe11bd0-5e76-f938-5dc7-c648df9c1ae6","seventy five","numbers","七十五","false"
"0c3d9cf2-cc8e-557d-3e5e-fc667fdf24ee","seventy five","numbers","七十五","false"
"c0ca99c3-c3c0-fade-3917-1b8d5b476534","seventy four","numbers","七十四","false"
"aa675952-763f-0fb4-0565-5ec2abedf715","seventy four","numbers","七十四","false"
"f9be484d-8f3b-0e80-9066-6671cf7edc79","seventy nine","numbers","七十九","false"
"11267e24-cb8e-1198-db1b-05db56e7164b","seventy nine","numbers","七十九","false"
"0e434614-13af-a1b6-2897-81e3442d03e4","seventy one","numbers","七十一","false"
"92ff9943-a68b-1c82-3a68-840a762cda24","seventy one","numbers","七十一","false"
"16da6383-5796-8592-4133-8ef6e2f235b9","seventy seven","numbers","七十七","false"
"39cf559e-4bd6-0909-cbad-c2c9d9f47d47","seventy seven","numbers","七十七","false"
"4dcbad90-9f32-7b44-fb76-ce69f6ad5612","seventy six","numbers","七十六","false"
"38835372-37c5-e1b2-e2ac-64340daab0d7","seventy six","numbers","七十六","false"
"0bd66dd6-2237-2854-f446-268d3c8e7818","seventy three","numbers","七十三","false"
"b6d5c547-7e1c-2cce-9a9d-a886e0b42c72","seventy three","numbers","七十三","false"
"0fa2ffdd-dca3-72c2-9ab6-10763cb9b115","seventy two","numbers","七十二","false"
"79301789-6bd7-8247-7a59-dd35fc25444e","seventy two","numbers","七十二","false"
"1c942930-370c-0465-ba78-ec34fd8b972a","Shop","shopping","店","false"
"c73beb99-6299-0330-953a-999537a5a636","Shower","accommodation","淋浴","false"
"e70da0f0-18ab-0b02-ff9c-6fd22509b6b6","Shrimp","food","虾","false"
"e9cd6367-bd4e-a4ec-432a-1c454ff54a88","Sick","emergency","生病","false"
"5e2a6695-468d-c0a5-e810-16c618bfaea8","six","numbers","六","false"
"b1abcdb3-2202-1665-0d80-bf81c831cf2a","six","numbers","六","false"
"3cea4712-8b79-2d4e-3efc-ca9e8aec9745","sixteen","numbers","十六","false"
"f6be600f-6468-afba-ca9f-ec1410484d46","sixteen","numbers","十六","false"
"fa6b2aa8-2415-b8af-e428-497e5e7068c3","sixty","numbers","六十","false"
"334d4a22-8674-98d4-1fe6-48ea95050fd3","sixty","numbers","六十","false"
"bcc23a7e-6c62-e76f-700a-9f31b31cc2a4","sixty eight","numbers","六十八","false"
"d783bf16-88d4-bd78-495b-1f11b1ef22d1","sixty eight","numbers","六十八","false"
"f323b95d-0ec3-5e27-5104-c1d22faaf979","sixty five","numbers","六十五","false"
"840cf126-f723-aeb0-1d9e-292afe128459","sixty five","numbers","六十五","false"
"b48411cb-6fa6-41e6-52c0-e47210fb6d8e","sixty four","numbers","六十四","false"
"be1fed4f-2da2-6f39-372c-650b1655ece4","sixty four","numbers","六十四","false"
"ef869441-0bc3-44bd-0215-bdede4c2bd30","sixty nine","numbers","六十九","false"
"4c772da2-6499-1e86-300b-021afeb5867d","sixty nine","numbers","六十九","false"
"aaff05d1-2255-2dd0-0d2d-d0fc051c2e01","sixty one","numbers","六十一","false"
"ea0c333c-cc19-dba2-5d98-6b35f93af3c1","sixty one","numbers","六十一","false"
"6b90461d-1bae-5068-5a9d-5b279a31b943","sixty seven","numbers","六十七","false"
"2c239323-b42f-3884-0d9f-c9bbc7ff564a","sixty seven","numbers","六十七","false"
"c8ce20cb-6d76-6fc5-4666-97db939fd647","sixty six","numbers","六十六","false"
"45dbf481-5958-9d71-aa38-d1ae8cc88b95","sixty six","numbers","六十六","false"
"0f3de0e5-32a8-c50f-e39e-c5a4b0037d3d","sixty three","numbers","六十三","false"
"21729c1d-13a9-5442-19d1-ee8c1c75d67d","sixty three","numbers","六十三","false"
"b4864a28-cbb0-b0e0-4607-fd3a89c75fa1","sixty two","numbers","六十二","false"
"ca88dc7d-5b53-01a7-7e7b-611c44e62cf2","sixty two","numbers","六十二","false"
"3652281d-6a55-9a13-3fda-5f7f7c0e75dd","Skill","work","技能","false"
"b889d5cf-5334-9d17-7a9e-eec704683013","Sleep","daily_life","睡觉","false"
"b5b981ad-6fc6-4dba-34f3-f598dca50f6d","Smile","social","微笑","false"
"5157a64d-adbe-c5ac-2079-cbc320d4ffe2","Sorry","apology","对不起","false"
"b20f0180-930a-9372-0033-4bb02c5a8698","Soup","food","汤","false"
"b6976a17-c966-aa0c-d5d4-f88ebc77fb44","Spinach","vegetable","菠菜","false"
"6d6193b3-ca3c-913a-6a75-4acf769f591f","Spoon","tableware","勺子","false"
"4e99836e-1a0c-26c4-5a3c-fe2bb2f1c257","Stairs","accommodation","楼梯","false"
"175abd2d-654a-67ab-cbf6-8ebd168b4887","Station","transport","车站","false"
"2214f7a2-61df-916c-86d3-610c7729c42a","Stomachache","emergency","胃痛","false"
"5e1aadcf-cf1f-0747-9c0e-3e5dc543ca20","Stop","transport","停","false"
"a15e4734-55db-071b-8576-6a601168f07a","Store","shopping","商店","false"
"b79079c2-82d6-8313-7629-a1ed0d5823b9","Straight","transport","直走","false"
"d36345d3-6429-66e9-0049-0fd93c0e758f","Strawberry","fruit","草莓","false"
"721df820-7adf-6b59-d9fd-078e6de33faa","Street","transport","街道","false"
"9199c47e-9e77-18a0-9dbc-13fd78328b2c","Subway","transport","地铁","false"
"6ef64f8d-e5d8-5b33-86c6-91e5ed1bcab5","Sweet potato","vegetable","红薯","false"
"a2e4fad2-c7c3-6e6f-f16d-f237a22b08f6","Take care","farewells","保重","false"
"f5dc493b-2a47-7ad0-5408-bd6951ff3961","Task","work","任务","false"
"713040f1-b61a-aeb7-ebff-e29cc63a5aec","Taxi","transport","出租车","false"
"55cbc2f9-024c-ce89-451f-bfceac989aea","Tea","drinks","茶","false"
"5d15e170-1f27-43ad-4684-252d20ab8157","Teapot","tableware","茶壶","false"
"b0673da6-deec-e138-c6cc-a560a749d5fe","ten","numbers","十","false"
"c9d8bb58-3211-aecf-ddd5-ab1f53b181a8","ten","numbers","十","false"
"45965614-d87a-b0e3-4a8c-dcc33ecbc929","Thank you","politeness","谢谢","false"
"004393ff-0b59-096a-2a3e-39c85d8cb6d3","The bill, please","restaurant","买单","false"
"b2fea959-b316-d105-87e9-60d88765302d","There","transport","那里","false"
"505dc146-4747-41b0-c6f8-bbc274108a69","thirteen","numbers","十三","false"
"a9c498ef-d0e5-ab76-27a6-3a30f7350d20","thirteen","numbers","十三","false"
"fb41ffaa-ef2c-4a33-c6e1-68dfa22bd7b6","thirty","numbers","三十","false"
"8fb69a90-bb81-ed84-6593-2e6f2e8bb576","thirty","numbers","三十","false"
"86e6b953-7001-4220-6fdf-72de7278d752","thirty eight","numbers","三十八","false"
"c574903b-d213-4a17-625b-70938d3da6fc","thirty eight","numbers","三十八","false"
"2d666c99-d072-e896-ec0b-1279ac12fc61","thirty five","numbers","三十五","false"
"10018761-195d-dacd-993c-60ecbb0a3387","thirty five","numbers","三十五","false"
"787a272c-e0a1-a990-9ffb-694db37def37","thirty four","numbers","三十四","false"
"aecdddee-dd63-3753-e35e-402685c1c404","thirty four","numbers","三十四","false"
"14366bad-2bd8-a13a-e5da-6ed9cfc6350d","thirty nine","numbers","三十九","false"
"ef57ba6f-1b22-dd24-3f54-98a1675d02c2","thirty nine","numbers","三十九","false"
"882a50cd-0437-5afe-f20a-0bf6775052c0","thirty one","numbers","三十一","false"
"721ff01f-5d11-7d50-5d25-7e9edde68967","thirty one","numbers","三十一","false"
"634e3cb4-016e-46b7-971a-9cd97e2853ce","thirty seven","numbers","三十七","false"
"ffd2f551-2d19-bbc5-b992-8bced1566499","thirty seven","numbers","三十七","false"
"af9a9f65-c5b2-8efb-40c2-066ba6925559","thirty six","numbers","三十六","false"
"8e48df8c-40ae-6ad7-a90b-6b6644e8cf8b","thirty six","numbers","三十六","false"
"09481238-75bc-15b7-e710-f44cb801612a","thirty three","numbers","三十三","false"
"967bc682-c158-0da6-16f3-a86c09107066","thirty three","numbers","三十三","false"
"ee6ef0ed-6b19-f80e-deda-b372ee60dafd","thirty two","numbers","三十二","false"
"2cf4cd9b-460e-71a1-2a2a-579353ff9081","thirty two","numbers","三十二","false"
"edef8f47-4f80-6ab8-1605-f82fecce57ab","three","numbers","三","false"
"e9641335-235a-6f9e-1a20-eff83886d368","three","numbers","三","false"
"1957b31a-75b6-9401-b691-c4c4d5027881","Ticket","transport","票","false"
"2013112f-1171-bca8-efc2-162ba7c13c17","Time","time","时间","false"
"e1727141-2b52-a445-19e6-14686772be76","Time","daily_life","时间","false"
"b4d64668-d297-3f90-fa93-3dbce3dfd4ff","Toast","food","吐司","false"
"094552af-d375-3941-728c-c683c6d96766","Today","daily_life","今天","false"
"9de22362-ace2-af1e-d640-409db0688984","Today","time","今天","false"
"0f7d4d3b-a023-5c88-791c-839a192484b9","Toilet","accommodation","厕所","false"
"d7121b36-3130-84a6-4ecd-f238060b2e57","Tomato","vegetable","番茄","false"
"dce5945f-1f7c-157a-7be1-b9f177cf58eb","Tomorrow","time","明天","false"
"a3bf905a-f309-a965-d26a-a1b1380f27fe","Tomorrow","daily_life","明天","false"
"51e62a2e-2842-d745-467e-6982c05a5f85","Towel","accommodation","毛巾","false"
"f227f389-a435-160f-ea1a-aecde734d0b0","Train","transport","火车","false"
"303cf80e-65d5-8624-68af-b413f5ed9323","Turn","transport","转","false"
"69a0e904-bf56-bd69-a307-683badcd7487","twelve","numbers","十二","false"
"bd48b299-17e1-3e3a-7a1f-b790e40cd2ae","twelve","numbers","十二","false"
"defe25a7-8703-035c-1b3f-b864ead86ba7","twenty","numbers","二十","false"
"a8ce4eb7-07cd-aa6b-e102-2da1e81652cf","twenty","numbers","二十","false"
"ce2e2f57-04b2-b030-d2b2-dbeb91b6137b","twenty eight","numbers","二十八","false"
"ad0b845b-c6c3-6c9e-18ec-a7ad2dd242e7","twenty eight","numbers","二十八","false"
"44c474c0-fa1e-0c9b-57d9-fd9d43729bdc","twenty five","numbers","二十五","false"
"a6d9742e-fba2-8fd2-cd77-fe9e04e73f4e","twenty five","numbers","二十五","false"
"f3adbfb8-5bd5-02d4-7806-b16945684e86","twenty four","numbers","二十四","false"
"638cc593-d4cb-6b52-5219-f487fca2d0a8","twenty four","numbers","二十四","false"
"b7111a77-78d7-11da-220f-f91ee2ab268c","twenty nine","numbers","二十九","false"
"07af8893-bcdf-6145-feb5-001a617ef4cd","twenty nine","numbers","二十九","false"
"c50715ce-b98d-9e6b-62d0-cd8cb1cc32ae","twenty one","numbers","二十一","false"
"c2eed960-fcb8-db80-def3-329fa9e12c3d","twenty one","numbers","二十一","false"
"b3b9142f-76ef-0448-c64e-b31572c22d99","twenty seven","numbers","二十七","false"
"934ec17d-311b-ecf2-9e34-67f34e990e87","twenty seven","numbers","二十七","false"
"49546714-9448-ed76-4735-43e497438144","twenty six","numbers","二十六","false"
"c68c60bf-712d-2e57-37de-e4e58e59e27e","twenty six","numbers","二十六","false"
"bfc2a505-a233-5227-d57b-921b7d248cbe","twenty three","numbers","二十三","false"
"cb78f402-87ab-7323-8f5d-eae9940d3a91","twenty three","numbers","二十三","false"
"3defc94a-dca3-bdb6-d33a-c9ce19934e7a","twenty two","numbers","二十二","false"
"7626a497-5483-c7b4-a1e1-24992f682f49","twenty two","numbers","二十二","false"
"e4dc1709-6b3e-0540-5f49-1f5224f79d74","two","numbers","二","false"
"fdb13739-a9fb-d7d8-b5fd-1ccf1491c847","two","numbers","二","false"
"2fc5eaf3-047e-6511-093c-52dad14d2dcb","Vegetables","food","蔬菜","false"
"37a5e005-0d46-1881-b599-5f00d3720d12","Wallet","shopping","钱包","false"
"c451b7f2-6382-2b0d-0172-f2995d86445a","Watch","time","手表","false"
"4af32cab-acfd-9a8d-68c2-50560a813e1c","Water","drinks","水","false"
"3d47b410-5cd1-c99f-c6ce-3a6b3cf5ac90","Water","daily_life","水","false"
"8de8940b-f16c-6cc9-ba2d-d601cc9cacc1","Water, please","restaurant","请给我水","false"
"9f18b3f6-31e7-54ad-e469-29479994a164","Watermelon","fruit","西瓜","false"
"30963cea-7ce8-2ddf-a6a6-a53063a7e87a","Week","daily_life","星期","false"
"8b33237d-0ab9-59b1-181e-1d270df70179","What do you do?","small_talk","你做什么工作？","false"
"a77c97ec-f20d-16bd-33df-e948b9941f1f","What is the password?","wi-fi access","密码是多少？","false"
"7d11d34e-d548-6983-ff3a-32f0b6309d24","What time does it close?","business hours","几点关门？","false"
"07b46969-309e-dd3b-fa1e-ff34acf5e159","What time does it open?","business hours","几点开门？","false"
"a79d4d56-13aa-2fed-633d-415c47403576","What's your name?","introductions","你叫什么名字？","false"
"d859a715-0640-7382-5b3d-1dda539f22e0","Where are you from?","small_talk","你从哪里来？","false"
"c3cc0ab7-26e9-ea5f-db7b-6be8d277c3bc","Where can I buy tickets?","transportation","在哪里可以买票？","false"
"bae806ad-7f57-8fdb-6253-0fdb831c2861","Where is the bathroom?","asking for directions","洗手间在哪里？","false"
"ba3b97c3-ac35-2711-df1d-5c7318f6e8ca","Where is the bus stop?","transportation","公共汽车站在哪里？","false"
"de76402f-2330-9949-4841-6750c2156083","Where is the train station?","transportation","火车站在哪里？","false"
"8aef8b9b-7504-16ec-8416-d2b325515978","Wi-Fi","accommodation","无线网络","false"
"65e9af36-bf4f-40ef-e6f7-3ade5d791c8f","Window","daily_life","窗户","false"
"5912cb48-45f0-bc1d-c320-d5202d68260b","Work","work","工作","false"
"4ed53ef7-156b-fda8-e9c6-679abaa181f9","Yes","basic response","是","false"
"7827b397-68d0-a471-f124-d2389614ad71","Yesterday","time","昨天","false"
"0463152c-f17f-fe83-5c7d-15fb94fb9406","Yesterday","daily_life","昨天","false"
"1d39eae9-bc09-8d30-a33f-b9cb34dfd379","Zucchini","vegetable","西葫芦","false"
